{
  "$schema": "https://vega.github.io/schema/vega-lite/v5.json",
  "data": {
    "url": "https://raw.githubusercontent.com/vega/vega-datasets/next/data/movies.json"
  },
  "vconcat": [
    {
      "title": "IMDB Rating by US Gross",
      "mark": {
        "type": "line",
        "size": 2,
        "point": true
      },
      "width": 500,
      "height": 210,
      "params": [
        {
          "name": "grid1",
          "select": "interval",
          "bind": "scales"
        }
      ],
      "encoding": {
        "x": {
          "title": "IMDB Rating",
          "bin": true, 
          "field": "IMDB Rating", 
          "type": "quantitative"
        },
        "y": {
          "aggregate": "mean",
          "field": "US Gross",
          "type": "quantitative",
          "title": "US Mean Gross"
        },
        "color": {
          "field": "Creative Type", 
          "type": "nominal"
        },
        "tooltip": [
          {
            "field": "Creative Type",
            "type": "nominal"
          },
          {
            "title": "IMDB Rating",
            "field": "IMDB Rating",
            "bin": true,
            "type": "nominal"
          },
          {
            "aggregate": "mean",
            "field": "US Gross",
            "type": "quantitative",
            "title": "US Mean Gross",
            "format": "$,.0f"
          }
        ]
      }
    },
    {
      "title": "IMDB Rating by Worldwide Gross",
      "mark": {
        "type": "line",
        "size": 2,
        "point": true
      },
      "width": 500,
      "height": 210,
      "params": [
        {
          "name": "grid2",
          "select": "interval",
          "bind": "scales"
        }
      ],
      "encoding": {
        "x": {
          "title": "IMDB Rating",
          "bin": true, 
          "field": "IMDB Rating", 
          "type": "quantitative"
        },
        "y": {
          "aggregate": "mean",
          "field": "Worldwide Gross",
          "type": "quantitative",
          "title": "Worldwide Mean Gross"
        },
        "color": {
          "field": "Creative Type", 
          "type": "nominal"
        },
        "tooltip": [
          {
            "field": "Creative Type",
            "type": "nominal"
          },
          {
            "title": "IMDB Rating",
            "field": "IMDB Rating",
            "bin": true,
            "type": "nominal"
          },
          {
            "aggregate": "mean",
            "field": "Worldwide Gross",
            "type": "quantitative",
            "title": "Worldwide Mean Gross",
            "format": "$,.0f"
          }
        ]
      }
    }
  ]
}